{"Tiger": 0.07276887871853546, "Lion": 0.07938388625592417, "Dog": 0.07852077001013172, "Boat": 0.0249597423510467, "Sphinx": 0.03465003465003465, "Felis": 0.10307414104882459, "title": "Cat", "Ronald Reagan": 0.033659378596087454}