{"title": "Cat", "Ronald Reagan": 0.033659378596087454, "Sphinx": 0.03465003465003465, "Dog": 0.07852077001013172, "Call of Duty": 0.015599784830554062, "Grace Medes": 0.0056179775280898875, "Wisconsin": 0.034704830053667264, "Felis": 0.10307414104882459, "Edwin Hubble": 0.011604095563139932, "Lion": 0.07938388625592417, "Florida": 0.03489640130861505, "Egypt": 0.13992117117117117, "Boat": 0.0249597423510467, "Tiger": 0.07276887871853546, "Frog": 0.046023415421881306, "Airplane": 0.024343369634849454}