{"House of Blues": 0.008211678832116789, "Robot": 0.0484304932735426, "Frog": 0.04975728155339806, "Dog": 0.08201732042791646, "Lion": 0.08602999210734018, "Egypt": 0.14418735891647855, "title": "Cat", "Tiger": 0.07522935779816514, "Bear": 0.0493339911198816}